run_number,problem_name,total_files,total_lines,total_comparisons,total_time_sec,time_per_comparison_sec,time_per_1000_loc_sec,lines_per_sec,peak_memory_mb,preset
1,astar_pathfinding,20,2643,190,95.71661341702566,0.5037716495632929,36.21513939350196,27.612761313281844,20.11572551727295,standard
2,astar_pathfinding,20,2643,190,95.76701033301651,0.5040368964895606,36.23420746614321,27.59823023407887,20.11518383026123,standard
3,astar_pathfinding,20,2643,190,95.97801104094833,0.505147426531307,36.314041256507124,27.537557523174584,20.094276428222656,standard
