run_number,problem_name,total_files,total_lines,total_comparisons,total_time_sec,time_per_comparison_sec,time_per_1000_loc_sec,lines_per_sec,peak_memory_mb,preset
1,FizzBuzzProblem,20,490,190,0.7576686660759151,0.003987729821452185,1.5462625838283983,646.7206866792933,0.7213993072509766,simple
2,FizzBuzzProblem,20,490,190,0.761000124970451,0.004005263815633953,1.5530614795315327,643.8895131837545,0.7306299209594727,simple
3,FizzBuzzProblem,20,490,190,0.7580131671857089,0.003989542985187941,1.546965647317773,646.4267656711468,0.7189321517944336,simple
