run_number,problem_name,total_files,total_lines,total_comparisons,total_time_sec,time_per_comparison_sec,time_per_1000_loc_sec,lines_per_sec,peak_memory_mb,preset
1,inventory_ice_cream_shop,20,2924,190,69.37591504096054,0.3651363949524239,23.726373133023436,42.1471918355762,15.904848098754883,standard
2,inventory_ice_cream_shop,20,2924,190,69.27498529106379,0.364605185742441,23.691855434700337,42.20859791907,15.905192375183105,standard
3,inventory_ice_cream_shop,20,2924,190,69.22872158396058,0.36436169254716094,23.676033373447527,42.23680479862355,15.905827522277832,standard
