run_number,problem_name,total_files,total_lines,total_comparisons,total_time_sec,time_per_comparison_sec,time_per_1000_loc_sec,lines_per_sec,peak_memory_mb,preset
1,RockPaperScissors,20,2534,190,27.358639791840687,0.14399284100968782,10.796621859447784,92.621563764867,5.816049575805664,standard
2,RockPaperScissors,20,2534,190,27.97650258312933,0.1472447504375228,11.040450900998158,90.57601079586259,5.911625862121582,standard
3,RockPaperScissors,20,2534,190,28.201550707919523,0.148429214252208,11.129262315674636,89.85321503219343,5.955945014953613,standard
